arm,pair,b_id,slug,file_hit,sym_hit,file_frac,sym_frac,jaccard,n_gold_files,n_gold_syms
blind,pair_11815_12125,django__django-12125,django,True,False,1.0,0.0,0.010822510822510822,1,1
oracle,pair_11815_12125,django__django-12125,django,False,False,0.0,0.0,0.029411764705882353,1,1
blind,pair_12125_14580,django__django-14580,django,True,False,1.0,0.0,0.008676789587852495,1,1
oracle,pair_12125_14580,django__django-14580,django,False,False,0.0,0.0,0.013513513513513514,1,1
blind,pair_13343_16493,django__django-16493,django,False,True,0.0,1.0,0.00646551724137931,1,1
oracle,pair_13343_16493,django__django-16493,django,False,True,0.0,1.0,0.0,1,1
blind,pair_13786_15499,django__django-15499,django,True,True,1.0,1.0,0.01282051282051282,1,1
oracle,pair_13786_15499,django__django-15499,django,False,False,0.0,0.0,0.028985507246376812,1,1
blind,pair_15161_17087,django__django-17087,django,True,False,1.0,0.0,0.008639308855291577,1,1
oracle,pair_15161_17087,django__django-17087,django,False,False,0.0,0.0,0.013513513513513514,1,1
blind,pair_15268_16819,django__django-16819,django,True,True,1.0,0.3333333333333333,0.015053763440860216,1,3
oracle,pair_15268_16819,django__django-16819,django,False,False,0.0,0.0,0.029850746268656716,1,3
blind,pair_15499_16595,django__django-16595,django,True,False,1.0,0.0,0.00646551724137931,1,1
oracle,pair_15499_16595,django__django-16595,django,False,False,0.0,0.0,0.014492753623188406,1,1
blind,pair_16595_16819,django__django-16819,django,True,True,1.0,0.3333333333333333,0.015053763440860216,1,3
oracle,pair_16595_16819,django__django-16819,django,False,False,0.0,0.0,0.01818181818181818,1,3
blind,pair_3305_4687,pydata__xarray-4687,xarray,True,True,1.0,0.5,0.045180722891566265,1,2
oracle,pair_3305_4687,pydata__xarray-4687,xarray,False,False,0.0,0.0,0.058823529411764705,1,2
blind,pair_4629_7229,pydata__xarray-7229,xarray,True,True,1.0,1.0,0.07514450867052024,1,1
oracle,pair_4629_7229,pydata__xarray-7229,xarray,False,False,0.0,0.0,0.029411764705882353,1,1
blind,pair_4687_6461,pydata__xarray-6461,xarray,True,True,1.0,1.0,0.006230529595015576,1,1
oracle,pair_4687_6461,pydata__xarray-6461,xarray,False,False,0.0,0.0,0.014925373134328358,1,1
blind,pair_6461_7229,pydata__xarray-7229,xarray,True,True,1.0,1.0,0.07514450867052024,1,1
oracle,pair_6461_7229,pydata__xarray-7229,xarray,False,True,0.0,1.0,0.06779661016949153,1,1
blind,pair_11066_15252,django__django-15252,django,True,False,1.0,0.0,0.019189765458422176,1,1
oracle,pair_11066_15252,django__django-15252,django,False,False,0.0,0.0,0.011627906976744186,1,1
blind,pair_11141_13820,django__django-13820,django,True,True,1.0,1.0,0.035196687370600416,1,1
oracle,pair_11141_13820,django__django-13820,django,False,False,0.0,0.0,0.037037037037037035,1,1
blind,pair_11299_15278,django__django-15278,django,True,False,1.0,0.0,0.02736842105263158,1,1
oracle,pair_11299_15278,django__django-15278,django,False,False,0.0,0.0,0.02631578947368421,1,1
blind,pair_12125_13343,django__django-13343,django,False,True,0.0,1.0,0.01072961373390558,1,1
oracle,pair_12125_13343,django__django-13343,django,False,False,0.0,0.0,0.02531645569620253,1,1
blind,pair_13343_14580,django__django-14580,django,True,False,1.0,0.0,0.008676789587852495,1,1
oracle,pair_13343_14580,django__django-14580,django,False,False,0.0,0.0,0.0,1,1
blind,pair_13786_15268,django__django-15268,django,True,True,1.0,0.2,0.01935483870967742,1,5
oracle,pair_13786_15268,django__django-15268,django,False,False,0.0,0.0,0.028985507246376812,1,5
blind,pair_14580_15161,django__django-15161,django,False,False,0.0,0.0,0.008583690987124463,1,5
oracle,pair_14580_15161,django__django-15161,django,False,False,0.0,0.0,0.041666666666666664,1,5
blind,pair_15161_16493,django__django-16493,django,False,True,0.0,1.0,0.00646551724137931,1,1
oracle,pair_15161_16493,django__django-16493,django,False,True,0.0,1.0,0.0,1,1
blind,pair_15268_15499,django__django-15499,django,True,True,1.0,1.0,0.01282051282051282,1,1
oracle,pair_15268_15499,django__django-15499,django,False,True,0.0,1.0,0.029850746268656716,1,1
blind,pair_15278_15561,django__django-15561,django,True,True,1.0,0.5,0.024691358024691357,2,2
oracle,pair_15278_15561,django__django-15561,django,False,False,0.0,0.0,0.044444444444444446,2,2
blind,pair_16493_17087,django__django-17087,django,True,False,1.0,0.0,0.008639308855291577,1,1
oracle,pair_16493_17087,django__django-17087,django,False,False,0.0,0.0,0.012345679012345678,1,1
blind,pair_3095_7393,pydata__xarray-7393,xarray,False,False,0.0,,0.018691588785046728,1,0
oracle,pair_3095_7393,pydata__xarray-7393,xarray,False,False,0.0,,0.010526315789473684,1,0
blind,pair_3305_4629,pydata__xarray-4629,xarray,True,False,1.0,0.0,0.003125,1,1
oracle,pair_3305_4629,pydata__xarray-4629,xarray,False,False,0.0,0.0,0.0,1,1
blind,pair_4629_4687,pydata__xarray-4687,xarray,True,True,1.0,0.5,0.045180722891566265,1,2
oracle,pair_4629_4687,pydata__xarray-4687,xarray,False,False,0.0,0.0,0.02564102564102564,1,2
blind,pair_7454_8459,sphinx-doc__sphinx-8459,sphinx,True,True,1.0,1.0,0.007832898172323759,1,1
oracle,pair_7454_8459,sphinx-doc__sphinx-8459,sphinx,False,False,0.0,0.0,0.0,1,1
blind,pair_7462_9230,sphinx-doc__sphinx-9230,sphinx,False,True,0.0,1.0,0.005235602094240838,1,1
oracle,pair_7462_9230,sphinx-doc__sphinx-9230,sphinx,False,False,0.0,0.0,0.0,1,1
blind,pair_7530_11066,django__django-11066,django,True,False,1.0,0.0,0.004319654427645789,1,1
oracle,pair_7530_11066,django__django-11066,django,False,False,0.0,0.0,0.03278688524590164,1,1
blind,pair_7889_9658,sphinx-doc__sphinx-9658,sphinx,True,True,1.0,1.0,0.005263157894736842,1,2
oracle,pair_7889_9658,sphinx-doc__sphinx-9658,sphinx,False,False,0.0,0.0,0.011764705882352941,1,2
blind,pair_8035_8593,sphinx-doc__sphinx-8593,sphinx,True,True,1.0,0.3333333333333333,0.0673076923076923,2,3
oracle,pair_8035_8593,sphinx-doc__sphinx-8593,sphinx,True,False,0.5,0.0,0.017094017094017096,2,3
blind,pair_8459_9673,sphinx-doc__sphinx-9673,sphinx,True,False,1.0,0.0,0.005249343832020997,1,1
oracle,pair_8459_9673,sphinx-doc__sphinx-9673,sphinx,False,False,0.0,0.0,0.0,1,1
blind,pair_8593_8595,sphinx-doc__sphinx-8595,sphinx,True,False,1.0,0.0,0.0079155672823219,1,1
oracle,pair_8593_8595,sphinx-doc__sphinx-8595,sphinx,False,False,0.0,0.0,0.0,1,1
blind,pair_9230_9591,sphinx-doc__sphinx-9591,sphinx,True,False,1.0,0.0,0.013054830287206266,1,1
oracle,pair_9230_9591,sphinx-doc__sphinx-9591,sphinx,False,False,0.0,0.0,0.0,1,1
blind,pair_9591_9602,sphinx-doc__sphinx-9602,sphinx,True,False,1.0,0.0,0.017766497461928935,1,1
oracle,pair_9591_9602,sphinx-doc__sphinx-9602,sphinx,False,False,0.0,0.0,0.036585365853658534,1,1
blind,pair_9673_10449,sphinx-doc__sphinx-10449,sphinx,True,True,1.0,0.3333333333333333,0.020512820512820513,1,3
oracle,pair_9673_10449,sphinx-doc__sphinx-10449,sphinx,False,False,0.0,0.0,0.022222222222222223,1,3
null,-,django__django-10097,django,False,False,0.0,0.0,0.004338394793926247,1,1
null,-,django__django-10554,django,False,False,0.0,0.0,0.012295081967213115,2,4
null,-,django__django-10880,django,False,False,0.0,0.0,0.0021551724137931034,1,1
null,-,django__django-10914,django,False,False,0.0,0.0,0.0021645021645021645,1,1
null,-,django__django-10973,django,False,False,0.0,0.0,0.03762376237623762,1,3
null,-,django__django-10999,django,False,False,0.0,,0.0,1,0
null,-,django__django-11087,django,False,False,0.0,0.0,0.04518664047151277,1,4
null,-,django__django-11095,django,False,False,0.0,0.0,0.008547008547008548,1,3
null,-,django__django-11099,django,False,False,0.0,0.0,0.0,1,1
null,-,django__django-11119,django,False,False,0.0,0.0,0.0064794816414686825,1,1
null,-,django__django-11133,django,False,False,0.0,0.0,0.004329004329004329,1,1
null,-,django__django-11138,django,True,False,0.25,0.0,0.021956087824351298,4,12
null,-,django__django-11149,django,False,False,0.0,0.0,0.06692913385826772,1,3
null,-,django__django-11163,django,True,False,1.0,0.0,0.010869565217391304,1,1
null,-,django__django-11179,django,False,False,0.0,0.0,0.0064794816414686825,1,1
null,-,django__django-11206,django,False,False,0.0,0.0,0.010548523206751054,1,1
null,-,django__django-11211,django,True,True,1.0,0.3333333333333333,0.00646551724137931,1,3
null,-,django__django-11239,django,False,False,0.0,0.0,0.0021231422505307855,1,1
null,-,django__django-11265,django,False,False,0.0,0.0,0.029166666666666667,1,2
null,-,django__django-11276,django,False,False,0.0,0.0,0.0102880658436214,1,5
null,-,django__django-11292,django,True,False,1.0,0.0,0.01263157894736842,1,4
null,-,django__django-11333,django,True,False,0.5,0.0,0.00851063829787234,2,2
null,-,django__django-11400,django,True,False,0.3333333333333333,0.0,0.018633540372670808,3,5
null,-,django__django-11433,django,True,False,1.0,0.0,0.010683760683760684,1,1
null,-,django__django-11451,django,False,False,0.0,0.0,0.004329004329004329,1,1
null,-,django__django-11477,django,False,False,0.0,0.0,0.008639308855291577,1,1
null,-,django__django-11490,django,False,False,0.0,0.0,0.0,1,1
null,-,django__django-11532,django,True,False,0.2,0.0,0.016563146997929608,5,6
null,-,django__django-11551,django,False,False,0.0,0.0,0.026859504132231406,1,1
null,-,django__django-11555,django,False,False,0.0,0.0,0.002145922746781116,1,1
null,-,django__django-11603,django,False,False,0.0,0.0,0.0021691973969631237,1,1
null,-,django__django-11728,django,True,False,1.0,0.0,0.010438413361169102,1,2
null,-,django__django-11734,django,True,False,0.3333333333333333,0.0,0.018867924528301886,3,5
null,-,django__django-11740,django,False,False,0.0,0.0,0.0021551724137931034,1,1
null,-,django__django-11749,django,True,False,1.0,0.0,0.00425531914893617,1,1
null,-,django__django-11790,django,False,False,0.0,,0.004282655246252677,1,0
null,-,django__django-11820,django,True,False,1.0,0.0,0.008547008547008548,1,1
null,-,django__django-11848,django,False,False,0.0,0.0,0.010615711252653927,1,1
null,-,django__django-11880,django,True,False,1.0,,0.004329004329004329,1,0
null,-,django__django-11885,django,True,False,0.5,0.0,0.06583629893238434,2,7
null,-,django__django-11951,django,False,False,0.0,0.0,0.002136752136752137,1,1
null,-,django__django-11964,django,False,False,0.0,0.0,0.023305084745762712,1,1
null,-,django__django-11999,django,True,False,1.0,0.0,0.008565310492505354,1,1
null,-,django__django-12039,django,False,False,0.0,0.0,0.006423982869379015,1,1
null,-,django__django-12050,django,False,False,0.0,0.0,0.010570824524312896,1,1
null,-,django__django-12143,django,False,False,0.0,0.0,0.008602150537634409,1,1
null,-,django__django-12155,django,True,False,0.5,0.0,0.026156941649899398,2,4
null,-,django__django-12193,django,False,False,0.0,0.0,0.004329004329004329,1,1
null,-,django__django-12209,django,True,False,1.0,0.0,0.004338394793926247,1,1
null,-,django__django-12262,django,False,False,0.0,0.0,0.0064516129032258064,1,1
null,-,django__django-12273,django,True,False,1.0,0.0,0.01072961373390558,1,1
null,-,django__django-12276,django,False,False,0.0,0.0,0.008620689655172414,1,3
null,-,django__django-12304,django,False,False,0.0,,0.0021645021645021645,1,0
null,-,django__django-12308,django,True,False,1.0,0.0,0.010660980810234541,1,1
null,-,django__django-12325,django,True,False,0.5,0.0,0.017057569296375266,2,1
null,-,django__django-12406,django,True,False,0.5,0.0,0.012738853503184714,2,2
null,-,django__django-12419,django,False,False,0.0,0.0,0.0021598272138228943,1,1
null,-,django__django-12663,django,False,False,0.0,,0.010822510822510822,1,0
null,-,django__django-12708,django,True,False,1.0,0.0,0.010775862068965518,1,1
null,-,django__django-12713,django,False,False,0.0,0.0,0.01263157894736842,1,1
null,-,django__django-12741,django,False,False,0.0,0.0,0.017130620985010708,2,3
null,-,django__django-12754,django,False,False,0.0,0.0,0.029288702928870293,1,1
null,-,django__django-12774,django,False,False,0.0,0.0,0.017130620985010708,1,1
null,-,django__django-12858,django,True,False,1.0,0.0,0.004310344827586207,1,1
null,-,django__django-12965,django,False,False,0.0,0.0,0.00646551724137931,1,1
null,-,django__django-13012,django,False,False,0.0,0.0,0.010822510822510822,1,3
null,-,django__django-13023,django,True,False,1.0,0.0,0.0021551724137931034,1,1
null,-,django__django-13028,django,False,False,0.0,0.0,0.008620689655172414,1,1
null,-,django__django-13033,django,False,False,0.0,0.0,0.008583690987124463,1,1
null,-,django__django-13089,django,False,False,0.0,0.0,0.002136752136752137,1,1
null,-,django__django-13109,django,False,False,0.0,0.0,0.008639308855291577,1,1
null,-,django__django-13112,django,False,True,0.0,1.0,0.015151515151515152,1,1
null,-,django__django-13121,django,False,False,0.0,0.0,0.041015625,4,13
null,-,django__django-13128,django,False,False,0.0,0.0,0.014285714285714285,1,3
null,-,django__django-13158,django,False,False,0.0,0.0,0.004291845493562232,1,2
null,-,django__django-13195,django,False,False,0.0,0.0,0.018329938900203666,3,4
null,-,django__django-13212,django,True,False,0.5,0.0,0.01037344398340249,2,5
null,-,django__django-13279,django,True,False,1.0,0.0,0.008385744234800839,1,4
null,-,django__django-13297,django,True,False,1.0,0.0,0.012875536480686695,1,2
null,-,django__django-13315,django,True,False,1.0,0.0,0.014799154334038054,1,1
null,-,django__django-13344,django,False,False,0.0,0.0,0.010570824524312896,3,5
null,-,django__django-13346,django,False,False,0.0,0.0,0.02032520325203252,1,5
null,-,django__django-13363,django,False,False,0.0,0.0,0.004282655246252677,1,2
null,-,django__django-13401,django,True,False,1.0,0.0,0.03397027600849257,1,1
null,-,django__django-13406,django,False,False,0.0,0.0,0.004319654427645789,1,1
null,-,django__django-13410,django,False,False,0.0,0.0,0.008547008547008548,1,1
null,-,django__django-13417,django,False,False,0.0,0.0,0.010660980810234541,1,1
null,-,django__django-13449,django,False,False,0.0,0.0,0.016666666666666666,1,4
null,-,django__django-13512,django,True,False,1.0,0.0,0.012875536480686695,2,2
null,-,django__django-13513,django,False,False,0.0,0.0,0.02044989775051125,1,5
null,-,django__django-13516,django,True,False,1.0,0.0,0.0021551724137931034,1,2
null,-,django__django-13551,django,False,False,0.0,0.0,0.018789144050104383,1,2
null,-,django__django-13568,django,False,False,0.0,0.0,0.012875536480686695,1,1
null,-,django__django-13569,django,False,False,0.0,0.0,0.008658008658008658,1,3
null,-,django__django-13590,django,False,False,0.0,0.0,0.0064516129032258064,1,1
null,-,django__django-13658,django,True,False,1.0,0.0,0.006396588486140725,1,1
null,-,django__django-13670,django,False,False,0.0,0.0,0.010752688172043012,1,1
null,-,django__django-13741,django,False,False,0.0,0.0,0.037578288100208766,1,6
null,-,django__django-13794,django,False,False,0.0,,0.004301075268817204,1,0
null,-,django__django-13807,django,True,False,1.0,0.0,0.00425531914893617,1,1
null,-,django__django-13809,django,False,False,0.0,0.0,0.014830508474576272,1,2
null,-,django__django-13810,django,True,False,1.0,0.0,0.002145922746781116,1,1
null,-,django__django-13821,django,True,False,1.0,0.0,0.004282655246252677,1,1
null,-,django__django-13837,django,False,False,0.0,0.0,0.02286902286902287,1,1
null,-,django__django-13925,django,True,False,1.0,0.0,0.01282051282051282,1,1
null,-,django__django-13933,django,True,False,1.0,0.0,0.0064516129032258064,1,1
null,-,django__django-13964,django,True,False,1.0,0.0,0.00646551724137931,1,1
null,-,django__django-14007,django,False,False,0.0,0.0,0.014553014553014554,1,1
null,-,django__django-14011,django,True,False,0.5,0.0,0.039014373716632446,2,6
null,-,django__django-14017,django,False,False,0.0,,0.00646551724137931,1,0
null,-,django__django-14034,django,False,False,0.0,0.0,0.02494802494802495,1,1
null,-,django__django-14053,django,False,False,0.0,0.0,0.028688524590163935,1,2
null,-,django__django-14089,django,False,False,0.0,0.0,0.004310344827586207,1,1
null,-,django__django-14122,django,False,False,0.0,0.0,0.014644351464435146,1,1
null,-,django__django-14140,django,False,True,0.0,1.0,0.01282051282051282,1,1
null,-,django__django-14155,django,False,False,0.0,,0.010615711252653927,1,0
null,-,django__django-14170,django,False,False,0.0,0.0,0.026970954356846474,2,4
null,-,django__django-14238,django,True,False,1.0,,0.00646551724137931,1,0
null,-,django__django-14311,django,False,False,0.0,0.0,0.010706638115631691,1,1
null,-,django__django-14315,django,False,False,0.0,0.0,0.0064794816414686825,2,1
null,-,django__django-14349,django,False,False,0.0,0.0,0.006423982869379015,1,1
null,-,django__django-14351,django,False,False,0.0,0.0,0.012738853503184714,1,3
null,-,django__django-14373,django,False,False,0.0,0.0,0.008602150537634409,1,1
null,-,django__django-14376,django,True,False,0.5,0.0,0.006423982869379015,2,3
null,-,django__django-14404,django,False,False,0.0,0.0,0.004291845493562232,1,1
null,-,django__django-14434,django,True,False,1.0,0.0,0.01276595744680851,1,1
null,-,django__django-14493,django,False,False,0.0,0.0,0.0021691973969631237,1,1
null,-,django__django-14500,django,True,False,1.0,0.0,0.014989293361884369,1,1
null,-,django__django-14534,django,False,False,0.0,0.0,0.008620689655172414,1,1
null,-,django__django-14539,django,False,False,0.0,0.0,0.0,1,1
null,-,django__django-14559,django,False,False,0.0,0.0,0.004291845493562232,1,1
null,-,django__django-14608,django,False,False,0.0,0.0,0.0021551724137931034,1,1
null,-,django__django-14631,django,False,False,0.0,0.0,0.03992015968063872,2,10
null,-,django__django-14672,django,False,False,0.0,,0.0021645021645021645,1,0
null,-,django__django-14725,django,True,False,1.0,0.0,0.010660980810234541,1,3
null,-,django__django-14752,django,False,False,0.0,0.0,0.02100840336134454,1,4
null,-,django__django-14765,django,False,True,0.0,1.0,0.004301075268817204,1,1
null,-,django__django-14771,django,False,False,0.0,0.0,0.010683760683760684,1,1
null,-,django__django-14787,django,False,False,0.0,0.0,0.008639308855291577,1,1
null,-,django__django-14792,django,False,False,0.0,0.0,0.017167381974248927,1,1
null,-,django__django-14855,django,False,False,0.0,0.0,0.00641025641025641,1,1
null,-,django__django-14915,django,True,False,1.0,,0.0064794816414686825,1,0
null,-,django__django-14999,django,True,False,1.0,0.0,0.014925373134328358,1,1
null,-,django__django-15022,django,False,False,0.0,0.0,0.002150537634408602,1,1
null,-,django__django-15037,django,False,False,0.0,0.0,0.006342494714587738,1,1
null,-,django__django-15098,django,False,False,0.0,,0.0,1,0
null,-,django__django-15103,django,False,False,0.0,0.0,0.014830508474576272,2,3
null,-,django__django-15104,django,False,False,0.0,0.0,0.004329004329004329,1,1
null,-,django__django-15127,django,False,False,0.0,0.0,0.014767932489451477,1,3
null,-,django__django-15128,django,False,False,0.0,0.0,0.0412573673870334,1,4
null,-,django__django-15277,django,True,False,1.0,0.0,0.008639308855291577,1,1
null,-,django__django-15280,django,False,False,0.0,0.0,0.008583690987124463,1,1
null,-,django__django-15315,django,True,False,1.0,,0.015086206896551725,1,0
null,-,django__django-15368,django,False,False,0.0,0.0,0.010638297872340425,1,1
null,-,django__django-15375,django,False,False,0.0,0.0,0.004301075268817204,1,1
null,-,django__django-15380,django,False,False,0.0,0.0,0.008639308855291577,1,1
null,-,django__django-15382,django,False,False,0.0,,0.006342494714587738,1,0
null,-,django__django-15467,django,False,False,0.0,0.0,0.004301075268817204,1,1
null,-,django__django-15503,django,False,False,0.0,0.0,0.00816326530612245,1,7
null,-,django__django-15525,django,True,False,1.0,0.0,0.0021551724137931034,1,1
null,-,django__django-15554,django,False,False,0.0,0.0,0.032989690721649485,1,7
null,-,django__django-15563,django,False,False,0.0,0.0,0.03815261044176707,2,2
null,-,django__django-15569,django,False,False,0.0,0.0,0.0,1,1
null,-,django__django-15572,django,False,False,0.0,0.0,0.01284796573875803,1,1
null,-,django__django-15629,django,True,True,0.75,0.3333333333333333,0.026156941649899398,4,3
null,-,django__django-15695,django,True,False,1.0,0.0,0.015053763440860216,1,1
null,-,django__django-15731,django,False,False,0.0,0.0,0.008620689655172414,1,1
null,-,django__django-15732,django,True,False,1.0,0.0,0.03319502074688797,1,6
null,-,django__django-15741,django,False,False,0.0,0.0,0.004329004329004329,1,1
null,-,django__django-15814,django,False,False,0.0,0.0,0.0021645021645021645,1,1
null,-,django__django-15851,django,False,False,0.0,0.0,0.0021645021645021645,1,1
null,-,django__django-15863,django,False,False,0.0,0.0,0.0021598272138228943,1,1
null,-,django__django-15916,django,True,False,1.0,0.0,0.00847457627118644,1,1
null,-,django__django-15930,django,False,False,0.0,0.0,0.02100840336134454,1,1
null,-,django__django-15957,django,False,False,0.0,0.0,0.028455284552845527,1,4
null,-,django__django-15973,django,False,False,0.0,0.0,0.006507592190889371,1,1
null,-,django__django-15987,django,False,False,0.0,0.0,0.004329004329004329,1,1
null,-,django__django-16032,django,False,False,0.0,0.0,0.010615711252653927,2,5
null,-,django__django-16082,django,False,False,0.0,,0.0,1,0
null,-,django__django-16100,django,False,False,0.0,0.0,0.018867924528301886,1,1
null,-,django__django-16116,django,False,False,0.0,0.0,0.023504273504273504,1,2
null,-,django__django-16136,django,True,False,1.0,0.0,0.004273504273504274,1,2
null,-,django__django-16139,django,False,False,0.0,,0.0021551724137931034,1,0
null,-,django__django-16145,django,False,False,0.0,0.0,0.0021551724137931034,1,1
null,-,django__django-16255,django,True,False,1.0,0.0,0.010775862068965518,1,1
null,-,django__django-16256,django,True,False,0.5,0.0,0.016913319238900635,2,8
null,-,django__django-16263,django,False,False,0.0,0.0,0.04900181488203267,4,11
null,-,django__django-16315,django,False,False,0.0,0.0,0.010706638115631691,2,3
null,-,django__django-16333,django,False,False,0.0,0.0,0.0021645021645021645,1,1
null,-,django__django-16429,django,False,False,0.0,0.0,0.0,1,1
null,-,django__django-16454,django,True,False,1.0,0.0,0.01276595744680851,1,3
null,-,django__django-16485,django,False,False,0.0,0.0,0.004347826086956522,1,1
null,-,django__django-16502,django,False,False,0.0,0.0,0.024096385542168676,1,3
null,-,django__django-16527,django,False,False,0.0,0.0,0.0021645021645021645,1,1
null,-,django__django-16560,django,False,True,0.0,0.2,0.02748414376321353,2,5
null,-,django__django-16569,django,False,False,0.0,0.0,0.008620689655172414,1,1
null,-,django__django-16612,django,False,False,0.0,0.0,0.00646551724137931,1,1
null,-,django__django-16631,django,True,False,0.5,0.0,0.03054989816700611,2,4
null,-,django__django-16642,django,False,False,0.0,0.0,0.0,1,1
null,-,django__django-16661,django,False,False,0.0,0.0,0.025,1,1
null,-,django__django-16662,django,True,False,1.0,0.0,0.010683760683760684,1,1
null,-,django__django-16667,django,False,False,0.0,0.0,0.0021645021645021645,1,1
null,-,django__django-16801,django,False,False,0.0,0.0,0.0211864406779661,1,2
null,-,django__django-16877,django,False,False,0.0,0.0,0.018789144050104383,1,2
null,-,django__django-16899,django,False,False,0.0,0.0,0.01079913606911447,1,1
null,-,django__django-16901,django,False,False,0.0,0.0,0.016877637130801686,1,1
null,-,django__django-16938,django,False,False,0.0,0.0,0.008620689655172414,2,2
null,-,django__django-16950,django,True,False,1.0,0.0,0.02127659574468085,1,1
null,-,django__django-17029,django,False,False,0.0,0.0,0.0021645021645021645,1,1
null,-,django__django-17084,django,False,False,0.0,0.0,0.010706638115631691,1,1
null,-,django__django-9296,django,False,False,0.0,0.0,0.004291845493562232,1,1
null,-,sphinx-doc__sphinx-10323,sphinx,False,False,0.0,0.0,0.002631578947368421,1,1
null,-,sphinx-doc__sphinx-10435,sphinx,False,False,0.0,0.0,0.002583979328165375,1,1
null,-,sphinx-doc__sphinx-10466,sphinx,False,False,0.0,0.0,0.013054830287206266,1,1
null,-,sphinx-doc__sphinx-10614,sphinx,False,False,0.0,0.0,0.015189873417721518,1,1
null,-,sphinx-doc__sphinx-10673,sphinx,False,False,0.0,0.0,0.02358490566037736,3,7
null,-,sphinx-doc__sphinx-11445,sphinx,False,False,0.0,0.0,0.005012531328320802,1,1
null,-,sphinx-doc__sphinx-11510,sphinx,False,False,0.0,0.0,0.09375,1,2
null,-,sphinx-doc__sphinx-7440,sphinx,False,False,0.0,0.0,0.002564102564102564,1,2
null,-,sphinx-doc__sphinx-7590,sphinx,False,False,0.0,0.0,0.05555555555555555,3,8
null,-,sphinx-doc__sphinx-7748,sphinx,True,False,1.0,0.0,0.045351473922902494,1,3
null,-,sphinx-doc__sphinx-7757,sphinx,True,True,1.0,1.0,0.020512820512820513,1,1
null,-,sphinx-doc__sphinx-7910,sphinx,True,False,1.0,0.0,0.015706806282722512,1,1
null,-,sphinx-doc__sphinx-7985,sphinx,False,False,0.0,0.0,0.015037593984962405,1,1
null,-,sphinx-doc__sphinx-8056,sphinx,False,False,0.0,0.0,0.017543859649122806,1,3
null,-,sphinx-doc__sphinx-8120,sphinx,True,False,0.5,0.0,0.020356234096692113,2,2
null,-,sphinx-doc__sphinx-8265,sphinx,True,False,1.0,0.0,0.020202020202020204,1,2
null,-,sphinx-doc__sphinx-8269,sphinx,False,False,0.0,0.0,0.0,1,1
null,-,sphinx-doc__sphinx-8475,sphinx,False,False,0.0,0.0,0.005221932114882507,1,1
null,-,sphinx-doc__sphinx-8548,sphinx,True,False,1.0,0.0,0.05060240963855422,2,2
null,-,sphinx-doc__sphinx-8551,sphinx,True,True,0.5,0.5,0.015665796344647518,2,2
null,-,sphinx-doc__sphinx-8621,sphinx,False,False,0.0,0.0,0.0,1,1
null,-,sphinx-doc__sphinx-8638,sphinx,True,False,1.0,0.0,0.0,1,1
null,-,sphinx-doc__sphinx-8721,sphinx,False,False,0.0,0.0,0.015625,1,1
null,-,sphinx-doc__sphinx-9229,sphinx,True,True,1.0,0.25,0.020151133501259445,1,4
null,-,sphinx-doc__sphinx-9258,sphinx,True,False,1.0,0.0,0.0,1,1
null,-,sphinx-doc__sphinx-9281,sphinx,True,False,1.0,0.0,0.007772020725388601,1,1
null,-,sphinx-doc__sphinx-9320,sphinx,False,False,0.0,0.0,0.0,1,4
null,-,sphinx-doc__sphinx-9367,sphinx,True,False,1.0,0.0,0.007792207792207792,1,1
null,-,sphinx-doc__sphinx-9461,sphinx,True,False,1.0,0.0,0.037825059101654845,3,9
null,-,sphinx-doc__sphinx-9698,sphinx,True,False,1.0,0.0,0.0,1,1
null,-,sphinx-doc__sphinx-9711,sphinx,False,False,0.0,0.0,0.012853470437017995,1,1
null,-,pydata__xarray-2905,xarray,True,False,1.0,0.0,0.006191950464396285,1,1
null,-,pydata__xarray-3151,xarray,False,False,0.0,0.0,0.02108433734939759,1,1
null,-,pydata__xarray-3677,xarray,True,True,1.0,1.0,0.003105590062111801,1,1
null,-,pydata__xarray-3993,xarray,True,False,1.0,0.0,0.054945054945054944,2,2
null,-,pydata__xarray-4075,xarray,False,False,0.0,0.0,0.01812688821752266,1,1
null,-,pydata__xarray-4094,xarray,True,False,1.0,0.0,0.006191950464396285,1,1
null,-,pydata__xarray-4356,xarray,True,False,1.0,0.0,0.011869436201780416,1,1
null,-,pydata__xarray-4695,xarray,True,False,1.0,,0.006230529595015576,1,0
null,-,pydata__xarray-4966,xarray,False,False,0.0,0.0,0.012121212121212121,1,1
null,-,pydata__xarray-6599,xarray,True,False,1.0,0.0,0.009287925696594427,1,2
null,-,pydata__xarray-6721,xarray,False,False,0.0,0.0,0.003115264797507788,1,1
null,-,pydata__xarray-6744,xarray,False,False,0.0,,0.005813953488372093,1,0
null,-,pydata__xarray-6938,xarray,True,False,1.0,0.0,0.036036036036036036,2,9
null,-,pydata__xarray-6992,xarray,True,False,0.5,0.0,0.06297229219143577,2,4
null,-,pydata__xarray-7233,xarray,False,False,0.0,0.0,0.006134969325153374,1,1
null,-,astropy__astropy-12907,astropy,False,False,0.0,0.0,0.0,1,1
null,-,astropy__astropy-13033,astropy,True,False,1.0,0.0,0.0234375,1,3
null,-,astropy__astropy-13236,astropy,False,False,0.0,0.0,0.021220159151193633,1,1
null,-,astropy__astropy-13398,astropy,False,False,0.0,0.0,0.06478405315614617,4,12
null,-,astropy__astropy-13453,astropy,False,True,0.0,1.0,0.005449591280653951,1,1
null,-,astropy__astropy-13579,astropy,False,False,0.0,0.0,0.002688172043010753,1,2
null,-,astropy__astropy-13977,astropy,True,False,1.0,,0.10681818181818181,1,0
null,-,astropy__astropy-14096,astropy,False,False,0.0,,0.021333333333333333,1,0
null,-,astropy__astropy-14182,astropy,False,True,0.0,0.3333333333333333,0.04455445544554455,1,3
null,-,astropy__astropy-14309,astropy,True,True,1.0,1.0,0.005434782608695652,1,1
null,-,astropy__astropy-14365,astropy,False,False,0.0,0.0,0.0,1,2
null,-,astropy__astropy-14369,astropy,False,False,0.0,0.0,0.007281553398058253,2,2
null,-,astropy__astropy-14508,astropy,False,False,0.0,0.0,0.02977667493796526,1,1
null,-,astropy__astropy-14539,astropy,False,False,0.0,0.0,0.0027247956403269754,1,1
null,-,astropy__astropy-14598,astropy,False,False,0.0,0.0,0.0026954177897574125,1,2
null,-,astropy__astropy-14995,astropy,False,False,0.0,0.0,0.008,1,1
null,-,astropy__astropy-7166,astropy,False,False,0.0,0.0,0.008086253369272238,1,1
null,-,astropy__astropy-7336,astropy,False,False,0.0,0.0,0.005405405405405406,1,1
null,-,astropy__astropy-7606,astropy,True,False,1.0,0.0,0.021333333333333333,1,1
null,-,astropy__astropy-7671,astropy,False,False,0.0,0.0,0.02056555269922879,1,1
null,-,astropy__astropy-8707,astropy,False,False,0.0,0.0,0.06458333333333334,2,1
null,-,astropy__astropy-8872,astropy,True,True,1.0,1.0,0.0316622691292876,1,1
null,-,matplotlib__matplotlib-13989,matplotlib,False,False,0.0,0.0,0.0027100271002710027,1,1
null,-,matplotlib__matplotlib-14623,matplotlib,True,False,0.3333333333333333,0.0,0.010471204188481676,3,6
null,-,matplotlib__matplotlib-20488,matplotlib,False,False,0.0,0.0,0.013262599469496022,1,1
null,-,matplotlib__matplotlib-20676,matplotlib,False,False,0.0,0.0,0.010471204188481676,1,1
null,-,matplotlib__matplotlib-20826,matplotlib,True,False,1.0,0.0,0.015789473684210527,1,1
null,-,matplotlib__matplotlib-20859,matplotlib,False,False,0.0,,0.013262599469496022,1,0
null,-,matplotlib__matplotlib-21568,matplotlib,True,False,1.0,0.0,0.007874015748031496,1,1
null,-,matplotlib__matplotlib-22719,matplotlib,True,True,1.0,0.5,0.01084010840108401,1,2
null,-,matplotlib__matplotlib-22865,matplotlib,False,False,0.0,0.0,0.002652519893899204,1,1
null,-,matplotlib__matplotlib-22871,matplotlib,True,False,1.0,0.0,0.008,1,1
null,-,matplotlib__matplotlib-23299,matplotlib,False,False,0.0,0.0,0.013333333333333334,1,1
null,-,matplotlib__matplotlib-23314,matplotlib,False,False,0.0,0.0,0.008152173913043478,1,1
null,-,matplotlib__matplotlib-23412,matplotlib,False,False,0.0,0.0,0.0106951871657754,1,1
null,-,matplotlib__matplotlib-23476,matplotlib,False,False,0.0,,0.007978723404255319,1,0
null,-,matplotlib__matplotlib-24026,matplotlib,False,False,0.0,0.0,0.015915119363395226,1,1
null,-,matplotlib__matplotlib-24149,matplotlib,False,False,0.0,0.0,0.007936507936507936,1,1
null,-,matplotlib__matplotlib-24177,matplotlib,True,False,1.0,0.0,0.005390835579514825,1,1
null,-,matplotlib__matplotlib-24570,matplotlib,False,False,0.0,0.0,0.0,1,1
null,-,matplotlib__matplotlib-24627,matplotlib,True,False,1.0,,0.008064516129032258,1,0
null,-,matplotlib__matplotlib-24637,matplotlib,False,False,0.0,0.0,0.00267379679144385,1,1
null,-,matplotlib__matplotlib-24870,matplotlib,False,False,0.0,0.0,0.007792207792207792,2,5
null,-,matplotlib__matplotlib-24970,matplotlib,True,False,1.0,,0.04404145077720207,1,0
null,-,matplotlib__matplotlib-25122,matplotlib,False,False,0.0,0.0,0.002702702702702703,1,1
null,-,matplotlib__matplotlib-25287,matplotlib,True,True,1.0,1.0,0.0026666666666666666,1,1
null,-,matplotlib__matplotlib-25311,matplotlib,False,False,0.0,0.0,0.005333333333333333,1,1
null,-,matplotlib__matplotlib-25332,matplotlib,False,False,0.0,0.0,0.010471204188481676,1,1
null,-,matplotlib__matplotlib-25479,matplotlib,True,False,1.0,0.0,0.03655352480417755,2,1
null,-,matplotlib__matplotlib-25775,matplotlib,False,False,0.0,0.0,0.022277227722772276,3,8
null,-,matplotlib__matplotlib-25960,matplotlib,False,False,0.0,0.0,0.03209876543209877,1,1
null,-,matplotlib__matplotlib-26113,matplotlib,False,False,0.0,0.0,0.0,1,1
null,-,matplotlib__matplotlib-26208,matplotlib,True,False,1.0,0.0,0.005405405405405406,1,2
null,-,matplotlib__matplotlib-26291,matplotlib,False,False,0.0,0.0,0.0,1,1
null,-,matplotlib__matplotlib-26342,matplotlib,False,False,0.0,0.0,0.00804289544235925,1,2
null,-,matplotlib__matplotlib-26466,matplotlib,False,False,0.0,0.0,0.020887728459530026,1,2
null,-,pytest-dev__pytest-10051,pytest,False,False,0.0,0.0,0.0,1,4
null,-,pytest-dev__pytest-10081,pytest,False,False,0.0,0.0,0.011467889908256881,1,1
null,-,pytest-dev__pytest-10356,pytest,True,True,1.0,0.5,0.028199566160520606,1,2
null,-,pytest-dev__pytest-5262,pytest,False,False,0.0,0.0,0.00234192037470726,1,2
null,-,pytest-dev__pytest-5631,pytest,False,False,0.0,0.0,0.01839080459770115,1,1
null,-,pytest-dev__pytest-5787,pytest,True,False,1.0,0.0,0.04554455445544554,1,13
null,-,pytest-dev__pytest-5809,pytest,False,False,0.0,0.0,0.011682242990654205,1,1
null,-,pytest-dev__pytest-5840,pytest,True,False,0.5,0.0,0.031982942430703626,2,6
null,-,pytest-dev__pytest-6197,pytest,True,True,1.0,0.16666666666666666,0.00909090909090909,1,6
null,-,pytest-dev__pytest-6202,pytest,True,False,1.0,0.0,0.0,1,1
null,-,pytest-dev__pytest-7205,pytest,False,False,0.0,0.0,0.00936768149882904,1,1
null,-,pytest-dev__pytest-7236,pytest,False,True,0.0,0.2,0.013544018058690745,1,5
null,-,pytest-dev__pytest-7324,pytest,False,False,0.0,0.0,0.015765765765765764,1,3
null,-,pytest-dev__pytest-7432,pytest,True,True,1.0,1.0,0.0,1,1
null,-,pytest-dev__pytest-7490,pytest,True,False,1.0,0.0,0.015873015873015872,1,2
null,-,pytest-dev__pytest-7521,pytest,False,False,0.0,,0.0,1,0
null,-,pytest-dev__pytest-7571,pytest,False,False,0.0,0.0,0.002325581395348837,1,2
null,-,pytest-dev__pytest-7982,pytest,False,False,0.0,0.0,0.002347417840375587,1,1
null,-,pytest-dev__pytest-8399,pytest,True,False,0.5,0.0,0.002288329519450801,2,5
null,-,scikit-learn__scikit-learn-10297,scikit-learn,False,False,0.0,0.0,0.057291666666666664,1,2
null,-,scikit-learn__scikit-learn-10844,scikit-learn,False,False,0.0,0.0,0.005633802816901409,1,1
null,-,scikit-learn__scikit-learn-10908,scikit-learn,False,False,0.0,0.0,0.005714285714285714,1,1
null,-,scikit-learn__scikit-learn-11310,scikit-learn,False,False,0.0,0.0,0.01652892561983471,1,3
null,-,scikit-learn__scikit-learn-11578,scikit-learn,False,False,0.0,0.0,0.0,1,1
null,-,scikit-learn__scikit-learn-12585,scikit-learn,True,True,1.0,1.0,0.008547008547008548,1,1
null,-,scikit-learn__scikit-learn-12682,scikit-learn,False,True,0.0,0.08333333333333333,0.01804123711340206,2,12
null,-,scikit-learn__scikit-learn-12973,scikit-learn,False,True,0.0,1.0,0.022222222222222223,1,1
null,-,scikit-learn__scikit-learn-13124,scikit-learn,False,False,0.0,0.0,0.019662921348314606,1,1
null,-,scikit-learn__scikit-learn-13135,scikit-learn,False,True,0.0,1.0,0.0028169014084507044,1,1
null,-,scikit-learn__scikit-learn-13142,scikit-learn,True,False,1.0,0.0,0.030470914127423823,1,1
null,-,scikit-learn__scikit-learn-13328,scikit-learn,False,True,0.0,1.0,0.014245014245014245,1,1
null,-,scikit-learn__scikit-learn-13439,scikit-learn,False,False,0.0,0.0,0.00847457627118644,1,1
null,-,scikit-learn__scikit-learn-13496,scikit-learn,False,False,0.0,0.0,0.03296703296703297,1,1
null,-,scikit-learn__scikit-learn-13779,scikit-learn,False,True,0.0,1.0,0.0028653295128939827,1,1
null,-,scikit-learn__scikit-learn-14053,scikit-learn,False,False,0.0,0.0,0.005649717514124294,1,1
null,-,scikit-learn__scikit-learn-14087,scikit-learn,False,True,0.0,1.0,0.005555555555555556,1,1
null,-,scikit-learn__scikit-learn-14141,scikit-learn,False,False,0.0,0.0,0.0,1,1
null,-,scikit-learn__scikit-learn-14496,scikit-learn,False,False,0.0,0.0,0.010958904109589041,1,4
null,-,scikit-learn__scikit-learn-14629,scikit-learn,False,True,0.0,0.3333333333333333,0.050397877984084884,1,3
null,-,scikit-learn__scikit-learn-14710,scikit-learn,False,False,0.0,0.0,0.005681818181818182,1,1
null,-,scikit-learn__scikit-learn-14894,scikit-learn,True,False,1.0,0.0,0.0056022408963585435,1,1
null,-,scikit-learn__scikit-learn-14983,scikit-learn,False,False,0.0,0.0,0.014124293785310734,1,3
null,-,scikit-learn__scikit-learn-15100,scikit-learn,False,False,0.0,0.0,0.01912568306010929,1,1
null,-,scikit-learn__scikit-learn-25102,scikit-learn,True,False,0.5,0.0,0.05483028720626632,2,3
null,-,scikit-learn__scikit-learn-25232,scikit-learn,False,False,0.0,0.0,0.0326975476839237,1,2
null,-,scikit-learn__scikit-learn-25747,scikit-learn,False,False,0.0,0.0,0.0113314447592068,1,1
null,-,scikit-learn__scikit-learn-25931,scikit-learn,False,True,0.0,0.3333333333333333,0.028720626631853787,1,3
null,-,scikit-learn__scikit-learn-25973,scikit-learn,False,True,0.0,0.5,0.02535211267605634,1,2
null,-,scikit-learn__scikit-learn-26194,scikit-learn,False,False,0.0,0.0,0.021739130434782608,1,1
null,-,scikit-learn__scikit-learn-26323,scikit-learn,False,False,0.0,0.0,0.005681818181818182,1,1
null,-,scikit-learn__scikit-learn-9288,scikit-learn,False,False,0.0,0.0,0.0028011204481792717,1,1
null,-,sympy__sympy-11618,sympy,False,False,0.0,0.0,0.012224938875305624,1,1
null,-,sympy__sympy-12096,sympy,False,False,0.0,0.0,0.007444168734491315,1,1
null,-,sympy__sympy-12419,sympy,False,False,0.0,0.0,0.0196078431372549,1,2
null,-,sympy__sympy-12481,sympy,False,False,0.0,,0.014527845036319613,1,0
null,-,sympy__sympy-12489,sympy,False,False,0.0,0.0,0.013605442176870748,1,21
null,-,sympy__sympy-13031,sympy,False,False,0.0,0.0,0.009732360097323601,1,2
null,-,sympy__sympy-13091,sympy,False,False,0.0,0.0,0.007334963325183374,21,3
null,-,sympy__sympy-13372,sympy,False,False,0.0,0.0,0.005012531328320802,1,1
null,-,sympy__sympy-13480,sympy,False,False,0.0,0.0,0.0,1,1
null,-,sympy__sympy-13551,sympy,False,False,0.0,0.0,0.009828009828009828,1,1
null,-,sympy__sympy-13615,sympy,False,False,0.0,0.0,0.02158273381294964,1,2
null,-,sympy__sympy-13647,sympy,False,False,0.0,0.0,0.0024875621890547263,1,1
null,-,sympy__sympy-13757,sympy,False,False,0.0,0.0,0.0,1,1
null,-,sympy__sympy-13798,sympy,True,False,1.0,,0.004889975550122249,1,0
null,-,sympy__sympy-13852,sympy,False,False,0.0,0.0,0.014150943396226415,1,3
null,-,sympy__sympy-13877,sympy,False,False,0.0,0.0,0.033482142857142856,2,7
null,-,sympy__sympy-13878,sympy,False,False,0.0,0.0,0.033185840707964605,1,27
null,-,sympy__sympy-13974,sympy,False,False,0.0,0.0,0.027842227378190254,1,3
null,-,sympy__sympy-14248,sympy,True,True,0.6666666666666666,0.25,0.030303030303030304,3,4
null,-,sympy__sympy-14531,sympy,True,False,1.0,0.0,0.018823529411764704,1,11
null,-,sympy__sympy-14711,sympy,False,False,0.0,,0.0025,1,0
null,-,sympy__sympy-14976,sympy,False,False,0.0,0.0,0.0049504950495049506,1,3
null,-,sympy__sympy-15017,sympy,False,False,0.0,0.0,0.004962779156327543,1,1
null,-,sympy__sympy-15345,sympy,False,False,0.0,0.0,0.0024813895781637717,1,2
null,-,sympy__sympy-15349,sympy,False,False,0.0,0.0,0.0,1,1
null,-,sympy__sympy-15599,sympy,False,False,0.0,0.0,0.021791767554479417,1,1
null,-,sympy__sympy-15809,sympy,False,False,0.0,0.0,0.017412935323383085,1,1
null,-,sympy__sympy-15875,sympy,False,False,0.0,0.0,0.0,1,1
null,-,sympy__sympy-15976,sympy,False,False,0.0,0.0,0.007246376811594203,1,3
null,-,sympy__sympy-16450,sympy,True,False,1.0,0.0,0.007481296758104738,1,1
null,-,sympy__sympy-16597,sympy,False,False,0.0,0.0,0.029213483146067417,6,5
null,-,sympy__sympy-16766,sympy,False,False,0.0,0.0,0.014778325123152709,1,2
null,-,sympy__sympy-16792,sympy,False,False,0.0,0.0,0.016908212560386472,1,2
null,-,sympy__sympy-16886,sympy,False,False,0.0,0.0,0.0,1,1
null,-,sympy__sympy-17139,sympy,True,False,1.0,0.0,0.005,1,1
null,-,sympy__sympy-17318,sympy,True,False,1.0,0.0,0.021844660194174758,2,3
null,-,sympy__sympy-17630,sympy,False,False,0.0,0.0,0.0024752475247524753,1,1
null,-,sympy__sympy-17655,sympy,False,False,0.0,,0.0049382716049382715,1,0
null,-,sympy__sympy-18189,sympy,False,False,0.0,0.0,0.0024937655860349127,1,1
null,-,sympy__sympy-18199,sympy,False,False,0.0,0.0,0.0228310502283105,1,3
null,-,sympy__sympy-18211,sympy,False,False,0.0,,0.012077294685990338,1,0
null,-,sympy__sympy-18698,sympy,False,False,0.0,0.0,0.007246376811594203,1,1
null,-,sympy__sympy-18763,sympy,True,False,1.0,0.0,0.0024875621890547263,1,1
null,-,sympy__sympy-19040,sympy,False,False,0.0,0.0,0.0,1,1
null,-,sympy__sympy-19346,sympy,False,False,0.0,0.0,0.014669926650366748,1,4
null,-,sympy__sympy-19495,sympy,False,False,0.0,0.0,0.03773584905660377,1,2
null,-,sympy__sympy-19637,sympy,False,False,0.0,0.0,0.0024937655860349127,1,1
null,-,sympy__sympy-19783,sympy,False,False,0.0,0.0,0.014563106796116505,2,1
null,-,sympy__sympy-19954,sympy,False,False,0.0,0.0,0.007352941176470588,1,1
null,-,sympy__sympy-20154,sympy,False,False,0.0,0.0,0.02358490566037736,1,1
null,-,sympy__sympy-20428,sympy,False,False,0.0,,0.005012531328320802,1,0
null,-,sympy__sympy-20438,sympy,False,False,0.0,0.0,0.02127659574468085,3,4
null,-,sympy__sympy-20590,sympy,False,False,0.0,0.0,0.02195121951219512,1,1
null,-,sympy__sympy-20801,sympy,False,False,0.0,,0.005,1,0
null,-,sympy__sympy-20916,sympy,True,True,1.0,1.0,0.009828009828009828,1,1
null,-,sympy__sympy-21379,sympy,False,False,0.0,0.0,0.00975609756097561,1,2
null,-,sympy__sympy-21596,sympy,False,False,0.0,0.0,0.038901601830663615,1,2
null,-,sympy__sympy-21612,sympy,True,False,1.0,0.0,0.004987531172069825,1,1
null,-,sympy__sympy-21847,sympy,False,False,0.0,0.0,0.0,1,1
null,-,sympy__sympy-21930,sympy,False,False,0.0,0.0,0.004987531172069825,1,1
null,-,sympy__sympy-22080,sympy,True,True,1.0,1.0,0.045346062052505964,2,1
null,-,sympy__sympy-22456,sympy,False,True,0.0,0.16666666666666666,0.01932367149758454,1,6
null,-,sympy__sympy-22714,sympy,False,False,0.0,,0.007462686567164179,1,0
null,-,sympy__sympy-22914,sympy,False,False,0.0,,0.0,1,0
null,-,sympy__sympy-23262,sympy,False,False,0.0,0.0,0.0,1,1
null,-,sympy__sympy-23413,sympy,False,False,0.0,0.0,0.02142857142857143,1,1
null,-,sympy__sympy-23534,sympy,False,False,0.0,0.0,0.004975124378109453,1,1
null,-,sympy__sympy-23824,sympy,False,False,0.0,0.0,0.0024752475247524753,1,1
null,-,sympy__sympy-23950,sympy,False,False,0.0,0.0,0.004987531172069825,1,1
null,-,sympy__sympy-24066,sympy,False,False,0.0,0.0,0.012285012285012284,1,1
null,-,sympy__sympy-24213,sympy,False,False,0.0,0.0,0.0024813895781637717,1,1
null,-,sympy__sympy-24443,sympy,False,False,0.0,0.0,0.033632286995515695,1,1
null,-,sympy__sympy-24539,sympy,False,False,0.0,0.0,0.012224938875305624,1,1
null,-,sympy__sympy-24562,sympy,False,False,0.0,,0.0,1,0
null,-,sympy__sympy-24661,sympy,False,False,0.0,0.0,0.0117096018735363,1,3
